entity,wikipedia_it,wikipedia_en,wikidata,viaf,geonames,type
Abbone,https://it.wikipedia.org/wiki/Abbone_di_Fleury,https://en.wikipedia.org/wiki/Abbo_of_Fleury,https://www.wikidata.org/entity/Q306658,https://viaf.org/viaf/9966678,,person
Adriatico,https://it.wikipedia.org/wiki/Mare_Adriatico,https://en.wikipedia.org/wiki/Adriatic_Sea,https://www.wikidata.org/entity/Q13924,https://viaf.org/viaf/316741867,https://www.geonames.org/3183462/adriatic-sea.html,place
Agostino,https://it.wikipedia.org/wiki/Agostino_d%27Ippona,https://en.wikipedia.org/wiki/Augustine_of_Hippo,https://www.wikidata.org/entity/Q8018,https://viaf.org/viaf/66806872,,person
Akhmatova,https://it.wikipedia.org/wiki/Anna_Andreevna_Achmatova,https://en.wikipedia.org/wiki/Anna_Akhmatova,https://www.wikidata.org/entity/Q80440,https://viaf.org/viaf/49220707,,person
Aldo Finzi,https://it.wikipedia.org/wiki/Aldo_Finzi_(politico),https://en.wikipedia.org/wiki/Aldo_Finzi_(politician),https://www.wikidata.org/entity/Q690725,https://viaf.org/viaf/18310180,,person
Alessandria,https://it.wikipedia.org/wiki/Alessandria,https://en.wikipedia.org/wiki/Alessandria,https://www.wikidata.org/entity/Q6088,https://viaf.org/viaf/137079443,https://www.geonames.org/6541464/alessandria.html,place
Alessio,https://it.wikipedia.org/wiki/Alessio_IV_Angelo,https://en.wikipedia.org/wiki/Alexios_IV_Angelos,https://www.wikidata.org/entity/Q37069,https://viaf.org/viaf/217145684,,person
America,https://it.wikipedia.org/wiki/Stati_Uniti_d%27America,https://en.wikipedia.org/wiki/United_States,https://www.wikidata.org/entity/Q30,https://viaf.org/viaf/130168302,https://www.geonames.org/6252001/united-states.html,place
Andreotti,https://it.wikipedia.org/wiki/Giulio_Andreotti,https://en.wikipedia.org/wiki/Giulio_Andreotti,https://www.wikidata.org/entity/Q50005,https://viaf.org/viaf/109833019,,person
Aquileia,https://it.wikipedia.org/wiki/Aquileia,https://en.wikipedia.org/wiki/Aquileia,https://www.wikidata.org/entity/Q53216,https://viaf.org/viaf/148893013,https://www.geonames.org/6539930/aquileia.html,place
Arezzo,https://it.wikipedia.org/wiki/Arezzo,https://en.wikipedia.org/wiki/Arezzo,https://www.wikidata.org/entity/Q13378,https://viaf.org/viaf/226733401,https://www.geonames.org/6542153/arezzo.html,place
Argentina,https://it.wikipedia.org/wiki/Argentina,https://en.wikipedia.org/wiki/Argentina,https://www.wikidata.org/entity/Q414,https://viaf.org/viaf/146499420,https://www.geonames.org/3865483/argentine-republic.html,place
Aristotele,https://it.wikipedia.org/wiki/Aristotele,https://en.wikipedia.org/wiki/Aristotle,https://www.wikidata.org/entity/Q868,https://viaf.org/viaf/7524651,,person
Austria,https://it.wikipedia.org/wiki/Austria,https://en.wikipedia.org/wiki/Austria,https://www.wikidata.org/entity/Q40,https://viaf.org/viaf/148842731,https://www.geonames.org/2782113/republic-of-austria.html,place
Avignone,https://it.wikipedia.org/wiki/Avignone,https://en.wikipedia.org/wiki/Avignon,https://www.wikidata.org/entity/Q6397,https://viaf.org/viaf/159446858,https://www.geonames.org/3035681/avignon.html,place
BR,https://it.wikipedia.org/wiki/Brigate_Rosse,https://en.wikipedia.org/wiki/Red_Brigades,https://www.wikidata.org/entity/Q194019,https://viaf.org/viaf/124870952,,organization
Badoglio,https://it.wikipedia.org/wiki/Pietro_Badoglio,https://en.wikipedia.org/wiki/Pietro_Badoglio,https://www.wikidata.org/entity/Q200085,https://viaf.org/viaf/100907172,,person
Beatrice,https://it.wikipedia.org/wiki/Beatrice_Portinari,https://en.wikipedia.org/wiki/Beatrice_Portinari,https://www.wikidata.org/entity/Q232913,https://viaf.org/viaf/18027301,,person
Beauvais,https://it.wikipedia.org/wiki/Beauvais,https://en.wikipedia.org/wiki/Beauvais,https://www.wikidata.org/entity/Q174257,https://viaf.org/viaf/312794953,https://www.geonames.org/6450128/beauvais.html,place
Beda,https://it.wikipedia.org/wiki/Beda_il_Venerabile,https://en.wikipedia.org/wiki/Bede,https://www.wikidata.org/entity/Q154938,https://viaf.org/viaf/61539765,,person
Belgio,https://it.wikipedia.org/wiki/Belgio,https://en.wikipedia.org/wiki/Belgium,https://www.wikidata.org/entity/Q31,https://viaf.org/viaf/144248059,https://www.geonames.org/2802361/kingdom-of-belgium.html,place
Berkley,https://it.wikipedia.org/wiki/Universit%C3%A0_della_California_-_Berkeley,"https://en.wikipedia.org/wiki/University_of_California,_Berkeley",https://www.wikidata.org/entity/Q168756,https://viaf.org/viaf/149111950,https://www.geonames.org/5404897/university-of-california-berkeley.html,place
Berlino,https://it.wikipedia.org/wiki/Berlino,https://en.wikipedia.org/wiki/Berlin,https://www.wikidata.org/entity/Q64,https://viaf.org/viaf/122530980,https://www.geonames.org/2950159/berlin.html,place
Bettinelli,https://it.wikipedia.org/wiki/Saverio_Bettinelli,https://en.wikipedia.org/wiki/Saverio_Bettinelli,https://www.wikidata.org/entity/Q1152092,https://viaf.org/viaf/29558099,,person
Bismarck,https://it.wikipedia.org/wiki/Otto_von_Bismarck,https://en.wikipedia.org/wiki/Otto_von_Bismarck,https://www.wikidata.org/entity/Q8442,https://viaf.org/viaf/46772111,,person
Bloch,https://it.wikipedia.org/wiki/Marc_Bloch,https://en.wikipedia.org/wiki/Marc_Bloch,https://www.wikidata.org/entity/Q156585,https://viaf.org/viaf/46757545,,person
Boccaccio,https://it.wikipedia.org/wiki/Giovanni_Boccaccio,https://en.wikipedia.org/wiki/Giovanni_Boccaccio,https://www.wikidata.org/entity/Q1402,https://viaf.org/viaf/64002165,,person
Bonconte da Montefeltro,https://it.wikipedia.org/wiki/Buonconte_da_Montefeltro,https://en.wikipedia.org/wiki/Bonconte_I_da_Montefeltro,https://www.wikidata.org/entity/Q3642072,https://viaf.org/viaf/45785783,,person
Borgogna,https://it.wikipedia.org/wiki/Borgogna,https://en.wikipedia.org/wiki/Burgundy,https://www.wikidata.org/entity/Q1173,https://viaf.org/viaf/6603147786777368220009,https://www.geonames.org/3030967/bourgogne.html,place
Brasile,https://it.wikipedia.org/wiki/Brasile,https://en.wikipedia.org/wiki/Brazil,https://www.wikidata.org/entity/Q155,https://viaf.org/viaf/129679518,https://www.geonames.org/3469034/federative-republic-of-brazil.html,place
Brentwood,https://it.wikipedia.org/wiki/Brentwood_(Regno_Unito),"https://en.wikipedia.org/wiki/Brentwood,_Essex",https://www.wikidata.org/entity/Q909993,https://viaf.org/viaf/132540216,https://www.geonames.org/2654782/brentwood.html,place
Brodsky,https://it.wikipedia.org/wiki/Iosif_Aleksandrovi%C4%8D_Brodskij,https://en.wikipedia.org/wiki/Joseph_Brodsky,https://www.wikidata.org/entity/Q862,https://viaf.org/viaf/31993687,,person
Bruxelles,https://it.wikipedia.org/wiki/Bruxelles,https://en.wikipedia.org/wiki/Brussels,https://www.wikidata.org/entity/Q240,https://viaf.org/viaf/332144929079854441105,https://www.geonames.org/2800867/bruxelles-capitale.html,place
Buenos Aires,https://it.wikipedia.org/wiki/Buenos_Aires,https://en.wikipedia.org/wiki/Buenos_Aires,https://www.wikidata.org/entity/Q1486,https://viaf.org/viaf/1331145424662786830473,https://www.geonames.org/3435910/buenos-aires.html,place
Bulgakov,https://it.wikipedia.org/wiki/Michail_Afanas%27evi%C4%8D_Bulgakov,https://en.wikipedia.org/wiki/Mikhail_Bulgakov,https://www.wikidata.org/entity/Q835,https://viaf.org/viaf/99836700,,person
Cadorna,https://it.wikipedia.org/wiki/Luigi_Cadorna,https://en.wikipedia.org/wiki/Luigi_Cadorna,https://www.wikidata.org/entity/Q333809,https://viaf.org/viaf/62355177,,person
Cambridge,https://it.wikipedia.org/wiki/Cambridge,https://en.wikipedia.org/wiki/Cambridge,https://www.wikidata.org/entity/Q350,https://viaf.org/viaf/139487232,https://www.geonames.org/2653941/cambridge.html,place
Campaldino,https://it.wikipedia.org/wiki/Battaglia_di_Campaldino,https://en.wikipedia.org/wiki/Battle_of_Campaldino,https://www.wikidata.org/entity/Q2888241,,,event
Canarie,https://it.wikipedia.org/wiki/Isole_Canarie,https://en.wikipedia.org/wiki/Canary_Islands,https://www.wikidata.org/entity/Q5813,https://viaf.org/viaf/148386330,https://www.geonames.org/2593110/canary-islands.html,place
Caporetto,https://it.wikipedia.org/wiki/Battaglia_di_Caporetto,https://en.wikipedia.org/wiki/Battle_of_Caporetto,https://www.wikidata.org/entity/Q242644,,,event
Carducci,https://it.wikipedia.org/wiki/Giosu%C3%A8_Carducci,https://en.wikipedia.org/wiki/Giosu%C3%A8_Carducci,https://www.wikidata.org/entity/Q43440,https://viaf.org/viaf/34470601,,person
Carla Capponi,https://it.wikipedia.org/wiki/Carla_Capponi,https://en.wikipedia.org/wiki/Carla_Capponi,https://www.wikidata.org/entity/Q3658835,https://viaf.org/viaf/24817680,,person
Carlo,https://it.wikipedia.org/wiki/Carlo_I_d%27Inghilterra,https://en.wikipedia.org/wiki/Charles_I_of_England,https://www.wikidata.org/entity/Q81506,https://viaf.org/viaf/67750325,,person
Carlo Alberto,https://it.wikipedia.org/wiki/Carlo_Alberto_di_Savoia,https://en.wikipedia.org/wiki/Charles_Albert_of_Sardinia,https://www.wikidata.org/entity/Q181261,https://viaf.org/viaf/18030661,,person
Carlo Cattaneo,https://it.wikipedia.org/wiki/Carlo_Cattaneo,https://en.wikipedia.org/wiki/Carlo_Cattaneo,https://www.wikidata.org/entity/Q1042024,https://viaf.org/viaf/32023065,,person
Carlo Magno,https://it.wikipedia.org/wiki/Carlo_Magno,https://en.wikipedia.org/wiki/Charlemagne,https://www.wikidata.org/entity/Q3044,https://viaf.org/viaf/89643029,,person
Carlo V,https://it.wikipedia.org/wiki/Carlo_V_d%27Asburgo,"https://en.wikipedia.org/wiki/Charles_V,_Holy_Roman_Emperor",https://www.wikidata.org/entity/Q32500,https://viaf.org/viaf/88598818,,person
Carlo il Malvagio,https://it.wikipedia.org/wiki/Carlo_II_di_Navarra,https://en.wikipedia.org/wiki/Charles_II_of_Navarre,https://www.wikidata.org/entity/Q43082,https://viaf.org/viaf/266723926,,person
Carso,https://it.wikipedia.org/wiki/Carso,https://en.wikipedia.org/wiki/Karst_Plateau,https://www.wikidata.org/entity/Q625139,https://viaf.org/viaf/243010956,https://www.geonames.org/3197361/kras.html,place
Castiglia,https://it.wikipedia.org/wiki/Castiglia_(regione_storica),https://en.wikipedia.org/wiki/Castile_(historical_region),https://www.wikidata.org/entity/Q1043594,https://viaf.org/viaf/316429328,https://www.geonames.org/3336900/comunidad-autonoma-de-castilla-y-leon.html,place
Caterina,https://it.wikipedia.org/wiki/Caterina_da_Siena,https://en.wikipedia.org/wiki/Catherine_of_Siena,https://www.wikidata.org/entity/Q229190,https://viaf.org/viaf/90633132,,person
Caterina da Siena,https://it.wikipedia.org/wiki/Caterina_da_Siena,https://en.wikipedia.org/wiki/Catherine_of_Siena,https://www.wikidata.org/entity/Q229190,https://viaf.org/viaf/90633132,,person
Cavour,"https://it.wikipedia.org/wiki/Camillo_Benso,_conte_di_Cavour","https://en.wikipedia.org/wiki/Camillo_Benso,_Count_of_Cavour",https://www.wikidata.org/entity/Q166092,https://viaf.org/viaf/68923739,,person
Cesare Rossi,https://it.wikipedia.org/wiki/Cesare_Rossi_(politico),https://en.wikipedia.org/wiki/Cesare_Rossi_(politician),https://www.wikidata.org/entity/Q937137,https://viaf.org/viaf/32798751,,person
Chamberlain,https://it.wikipedia.org/wiki/Neville_Chamberlain,https://en.wikipedia.org/wiki/Neville_Chamberlain,https://www.wikidata.org/entity/Q10664,https://viaf.org/viaf/22318481,,person
Christine,https://it.wikipedia.org/wiki/Cristina_da_Pizzano,https://en.wikipedia.org/wiki/Christine_de_Pizan,https://www.wikidata.org/entity/Q234816,https://viaf.org/viaf/100188547,,person
Cialdini,https://it.wikipedia.org/wiki/Enrico_Cialdini,https://en.wikipedia.org/wiki/Enrico_Cialdini,https://www.wikidata.org/entity/Q697867,https://viaf.org/viaf/42591032,,person
Ciano,https://it.wikipedia.org/wiki/Galeazzo_Ciano,https://en.wikipedia.org/wiki/Galeazzo_Ciano,https://www.wikidata.org/entity/Q220105,https://viaf.org/viaf/56702085,,person
Ciompi,https://it.wikipedia.org/wiki/Tumulto_dei_Ciompi,https://en.wikipedia.org/wiki/Ciompi_Revolt,https://www.wikidata.org/entity/Q1092673,,,event
Cipro,https://it.wikipedia.org/wiki/Cipro,https://en.wikipedia.org/wiki/Cyprus,https://www.wikidata.org/entity/Q229,https://viaf.org/viaf/130118559,https://www.geonames.org/146669/republic-of-cyprus.html,place
Cluny,https://it.wikipedia.org/wiki/Abbazia_di_Cluny,https://en.wikipedia.org/wiki/Cluny_Abbey,https://www.wikidata.org/entity/Q220301,https://viaf.org/viaf/129020265,https://www.geonames.org/3024534/cluny.html,place
Cauchon,https://it.wikipedia.org/wiki/Pierre_Cauchon,https://en.wikipedia.org/wiki/Pierre_Cauchon,https://www.wikidata.org/entity/Q464287,https://viaf.org/viaf/27870650,,person
Colombo,https://it.wikipedia.org/wiki/Cristoforo_Colombo,https://en.wikipedia.org/wiki/Christopher_Columbus,https://www.wikidata.org/entity/Q7322,https://viaf.org/viaf/17231583,,person
Corfù,https://it.wikipedia.org/wiki/Corf%C3%B9,https://en.wikipedia.org/wiki/Corfu,https://www.wikidata.org/entity/Q121378,https://viaf.org/viaf/237254241,https://www.geonames.org/2463678/corfu.html,place
Corrado,https://it.wikipedia.org/wiki/Corrado_del_Monferrato,https://en.wikipedia.org/wiki/Conrad_of_Montferrat,https://www.wikidata.org/entity/Q169329,https://viaf.org/viaf/81205195,,person
Corriere della Sera,https://it.wikipedia.org/wiki/Corriere_della_Sera,https://en.wikipedia.org/wiki/Corriere_della_Sera,https://www.wikidata.org/entity/Q309135,https://viaf.org/viaf/179878632,,organization
Costantino,https://it.wikipedia.org/wiki/Costantino_I,https://en.wikipedia.org/wiki/Constantine_the_Great,https://www.wikidata.org/entity/Q8413,https://viaf.org/viaf/97746098,,person
Costantinopoli,https://it.wikipedia.org/wiki/Costantinopoli,https://en.wikipedia.org/wiki/Constantinople,https://www.wikidata.org/entity/Q16869,https://viaf.org/viaf/122641741,https://www.geonames.org/745044/istanbul.html,place
Creta,https://it.wikipedia.org/wiki/Creta,https://en.wikipedia.org/wiki/Crete,https://www.wikidata.org/entity/Q34374,https://viaf.org/viaf/237254468,https://www.geonames.org/258763/crete.html,place
Cristina,https://it.wikipedia.org/wiki/Cristina_da_Pizzano,https://en.wikipedia.org/wiki/Christine_de_Pizan,https://www.wikidata.org/entity/Q234816,https://viaf.org/viaf/100188547,,person
Cristo,https://it.wikipedia.org/wiki/Ges%C3%B9,https://en.wikipedia.org/wiki/Jesus,https://www.wikidata.org/entity/Q302,https://viaf.org/viaf/141145970137232251241,,person
Cuneo,https://it.wikipedia.org/wiki/Cuneo,https://en.wikipedia.org/wiki/Cuneo,https://www.wikidata.org/entity/Q5968,https://viaf.org/viaf/137221319,https://www.geonames.org/6541864/cuneo.html,place
Custoza,https://it.wikipedia.org/wiki/Battaglia_di_Custoza_(1866),https://en.wikipedia.org/wiki/Battle_of_Custoza_(1866),https://www.wikidata.org/entity/Q48163,,,event
D'Azeglio,https://it.wikipedia.org/wiki/Massimo_d%27Azeglio,https://en.wikipedia.org/wiki/Massimo_d%27Azeglio,https://www.wikidata.org/entity/Q469134,https://viaf.org/viaf/43949,,person
DC,https://it.wikipedia.org/wiki/Democrazia_Cristiana,https://en.wikipedia.org/wiki/Christian_Democracy_(Italy),https://www.wikidata.org/entity/Q815348,https://viaf.org/viaf/137215176,,organization
Dante,https://it.wikipedia.org/wiki/Dante_Alighieri,https://en.wikipedia.org/wiki/Dante_Alighieri,https://www.wikidata.org/entity/Q1067,https://viaf.org/viaf/97105654,,person
Danzica,https://it.wikipedia.org/wiki/Danzica,https://en.wikipedia.org/wiki/Gda%C5%84sk,https://www.wikidata.org/entity/Q1792,https://viaf.org/viaf/123148700,https://www.geonames.org/3099434/gdansk.html,place
De Bono,https://it.wikipedia.org/wiki/Emilio_De_Bono,https://en.wikipedia.org/wiki/Emilio_De_Bono,https://www.wikidata.org/entity/Q354486,https://viaf.org/viaf/46799121,,person
Diaz,https://it.wikipedia.org/wiki/Armando_Diaz,https://en.wikipedia.org/wiki/Armando_Diaz,https://www.wikidata.org/entity/Q333778,https://viaf.org/viaf/5729160,,person
Dino Compagni,https://it.wikipedia.org/wiki/Dino_Compagni,https://en.wikipedia.org/wiki/Dino_Compagni,https://www.wikidata.org/entity/Q716994,https://viaf.org/viaf/64048766,,person
Dio,https://it.wikipedia.org/wiki/Dio,https://en.wikipedia.org/wiki/God,https://www.wikidata.org/entity/Q190,,,
Dumini,https://it.wikipedia.org/wiki/Amerigo_Dumini,https://en.wikipedia.org/wiki/Amerigo_Dumini,https://www.wikidata.org/entity/Q2843122,https://viaf.org/viaf/41967991,,person
Egitto,https://it.wikipedia.org/wiki/Egitto,https://en.wikipedia.org/wiki/Egypt,https://www.wikidata.org/entity/Q79,https://viaf.org/viaf/242059233,https://www.geonames.org/357994/arab-republic-of-egypt.html,place
Elba,https://it.wikipedia.org/wiki/Isola_d%27Elba,https://en.wikipedia.org/wiki/Elba,https://www.wikidata.org/entity/Q45328,https://viaf.org/viaf/315127737,https://www.geonames.org/3177426/isola-d-elba.html,place
Elia,https://it.wikipedia.org/wiki/Elia_da_Cortona,https://en.wikipedia.org/wiki/Elias_of_Cortona,https://www.wikidata.org/entity/Q1329212,https://viaf.org/viaf/96184933,,person
Elisabetta,https://it.wikipedia.org/wiki/Elisabetta_I_d%27Inghilterra,https://en.wikipedia.org/wiki/Elizabeth_I,https://www.wikidata.org/entity/Q7207,https://viaf.org/viaf/97107753,,person
Enrico V,https://it.wikipedia.org/wiki/Enrico_V_d%27Inghilterra,https://en.wikipedia.org/wiki/Henry_V_of_England,https://www.wikidata.org/entity/Q131581,https://viaf.org/viaf/284333410,,person
Europa,https://it.wikipedia.org/wiki/Europa,https://en.wikipedia.org/wiki/Europe,https://www.wikidata.org/entity/Q46,https://viaf.org/viaf/170298814,https://www.geonames.org/6255148/europe.html,place
Falkland,https://it.wikipedia.org/wiki/Isole_Falkland,https://en.wikipedia.org/wiki/Falkland_Islands,https://www.wikidata.org/entity/Q9648,https://viaf.org/viaf/155354899,https://www.geonames.org/3474414/falkland-islands.html,place
Fanfani,https://it.wikipedia.org/wiki/Amintore_Fanfani,https://en.wikipedia.org/wiki/Amintore_Fanfani,https://www.wikidata.org/entity/Q273228,https://viaf.org/viaf/108174450,,person
Fano,https://it.wikipedia.org/wiki/Fano,https://en.wikipedia.org/wiki/Fano,https://www.wikidata.org/entity/Q13142,https://viaf.org/viaf/138378091,https://www.geonames.org/6541050/fano.html,place
Faranda,https://it.wikipedia.org/wiki/Adriana_Faranda,https://en.wikipedia.org/wiki/Adriana_Faranda,https://www.wikidata.org/entity/Q3605665,https://viaf.org/viaf/52495972,,person
Farfa,https://it.wikipedia.org/wiki/Abbazia_di_Farfa,https://en.wikipedia.org/wiki/Farfa_Abbey,https://www.wikidata.org/entity/Q2634480,https://viaf.org/viaf/137282486,https://www.geonames.org/7506755/abbazia-di-farfa.html,place
Federico II,https://it.wikipedia.org/wiki/Federico_II_di_Svevia,"https://en.wikipedia.org/wiki/Frederick_II,_Holy_Roman_Emperor",https://www.wikidata.org/entity/Q130221,https://viaf.org/viaf/46006380,,person
Febvre,https://it.wikipedia.org/wiki/Lucien_Febvre,https://en.wikipedia.org/wiki/Lucien_Febvre,https://www.wikidata.org/entity/Q156999,https://viaf.org/viaf/61545548,,person
Firenze,https://it.wikipedia.org/wiki/Firenze,https://en.wikipedia.org/wiki/Florence,https://www.wikidata.org/entity/Q2044,https://viaf.org/viaf/152981965,https://www.geonames.org/6542285/firenze.html,place
Francesco Ferdinando,https://it.wikipedia.org/wiki/Francesco_Ferdinando_d%27Austria-Este,https://en.wikipedia.org/wiki/Archduke_Franz_Ferdinand_of_Austria,https://www.wikidata.org/entity/Q43063,https://viaf.org/viaf/50016762,,person
Francesco Giuseppe,https://it.wikipedia.org/wiki/Francesco_Giuseppe_I_d%27Austria,https://en.wikipedia.org/wiki/Franz_Joseph_I_of_Austria,https://www.wikidata.org/entity/Q51056,https://viaf.org/viaf/32787948,,person
Francia,https://it.wikipedia.org/wiki/Francia,https://en.wikipedia.org/wiki/France,https://www.wikidata.org/entity/Q142,https://viaf.org/viaf/264091107,https://www.geonames.org/3017382/republic-of-france.html,place
Freud,https://it.wikipedia.org/wiki/Sigmund_Freud,https://en.wikipedia.org/wiki/Sigmund_Freud,https://www.wikidata.org/entity/Q9215,https://viaf.org/viaf/34456780,,person
GAP,https://it.wikipedia.org/wiki/Gruppi_di_Azione_Patriottica,https://en.wikipedia.org/wiki/Gruppi_di_Azione_Patriottica,https://www.wikidata.org/entity/Q3777284,https://viaf.org/viaf/125949707,,organization
Galtieri,https://it.wikipedia.org/wiki/Leopoldo_Galtieri,https://en.wikipedia.org/wiki/Leopoldo_Galtieri,https://www.wikidata.org/entity/Q124993,https://viaf.org/viaf/3967008,,person
Garibaldi,https://it.wikipedia.org/wiki/Giuseppe_Garibaldi,https://en.wikipedia.org/wiki/Giuseppe_Garibaldi,https://www.wikidata.org/entity/Q539,https://viaf.org/viaf/100192194,,person
Germania,https://it.wikipedia.org/wiki/Germania,https://en.wikipedia.org/wiki/Germany,https://www.wikidata.org/entity/Q183,https://viaf.org/viaf/189116956,https://www.geonames.org/2921044/federal-republic-of-germany.html,place
Gerusalemme,https://it.wikipedia.org/wiki/Gerusalemme,https://en.wikipedia.org/wiki/Jerusalem,https://www.wikidata.org/entity/Q1218,https://viaf.org/viaf/131280745,https://www.geonames.org/281184/jerusalem.html,place
Gestapo,https://it.wikipedia.org/wiki/Gestapo,https://en.wikipedia.org/wiki/Gestapo,https://www.wikidata.org/entity/Q43250,https://viaf.org/viaf/134799226,,organization
Gesù,https://it.wikipedia.org/wiki/Ges%C3%B9,https://en.wikipedia.org/wiki/Jesus,https://www.wikidata.org/entity/Q302,https://viaf.org/viaf/141145970137232251241,,person
George,https://it.wikipedia.org/wiki/Stefan_George,https://en.wikipedia.org/wiki/Stefan_George,https://www.wikidata.org/entity/Q57187,https://viaf.org/viaf/46761592,,person
Giacomo,https://it.wikipedia.org/wiki/Giacomo_I_d%27Inghilterra,https://en.wikipedia.org/wiki/James_VI_and_I,https://www.wikidata.org/entity/Q79972,https://viaf.org/viaf/88905668,,person
Giappone,https://it.wikipedia.org/wiki/Giappone,https://en.wikipedia.org/wiki/Japan,https://www.wikidata.org/entity/Q17,https://viaf.org/viaf/159367111,https://www.geonames.org/1861060/japan.html,place
Giolitti,https://it.wikipedia.org/wiki/Giovanni_Giolitti,https://en.wikipedia.org/wiki/Giovanni_Giolitti,https://www.wikidata.org/entity/Q297190,https://viaf.org/viaf/27079739,,person
Giorgio Amendola,https://it.wikipedia.org/wiki/Giorgio_Amendola,https://en.wikipedia.org/wiki/Giorgio_Amendola,https://www.wikidata.org/entity/Q939831,https://viaf.org/viaf/12304040,,person
Giovanna,https://it.wikipedia.org/wiki/Giovanna_d%27Arco,https://en.wikipedia.org/wiki/Joan_of_Arc,https://www.wikidata.org/entity/Q7226,https://viaf.org/viaf/97108273,,person
Giovanna d'Arco,https://it.wikipedia.org/wiki/Giovanna_d%27Arco,https://en.wikipedia.org/wiki/Joan_of_Arc,https://www.wikidata.org/entity/Q7226,https://viaf.org/viaf/97108273,,person
Giovanni da Vicenza,https://it.wikipedia.org/wiki/Giovanni_da_Vicenza,https://en.wikipedia.org/wiki/John_of_Vicenza,https://www.wikidata.org/entity/Q3768438,https://viaf.org/viaf/304159474047827660445,,person
Giovanni il Buono,https://it.wikipedia.org/wiki/Giovanni_II_di_Francia,https://en.wikipedia.org/wiki/John_II_of_France,https://www.wikidata.org/entity/Q169992,https://viaf.org/viaf/42632679,,person
Girolamo,https://it.wikipedia.org/wiki/San_Girolamo,https://en.wikipedia.org/wiki/Jerome,https://www.wikidata.org/entity/Q44248,https://viaf.org/viaf/95147024,,person
Gyulay,https://it.wikipedia.org/wiki/Ferenc_Gyulay,https://en.wikipedia.org/wiki/Ferenc_Gyulay,https://www.wikidata.org/entity/Q698020,https://viaf.org/viaf/81036447,,person
Gobetti,https://it.wikipedia.org/wiki/Piero_Gobetti,https://en.wikipedia.org/wiki/Piero_Gobetti,https://www.wikidata.org/entity/Q532852,https://viaf.org/viaf/19697764,,person
Goffredo di Buglione,https://it.wikipedia.org/wiki/Goffredo_di_Buglione,https://en.wikipedia.org/wiki/Godfrey_of_Bouillon,https://www.wikidata.org/entity/Q76721,https://viaf.org/viaf/13555210,,person
Gorizia,https://it.wikipedia.org/wiki/Gorizia,https://en.wikipedia.org/wiki/Gorizia,https://www.wikidata.org/entity/Q6596,https://viaf.org/viaf/130184480,https://www.geonames.org/6541866/gorizia.html,place
Gradoli,https://it.wikipedia.org/wiki/Gradoli,https://en.wikipedia.org/wiki/Gradoli,https://www.wikidata.org/entity/Q161694,https://viaf.org/viaf/139824585,https://www.geonames.org/6536905/gradoli.html,place
Hitler,https://it.wikipedia.org/wiki/Adolf_Hitler,https://en.wikipedia.org/wiki/Adolf_Hitler,https://www.wikidata.org/entity/Q352,https://viaf.org/viaf/38190770,,person
Inghilterra,https://it.wikipedia.org/wiki/Inghilterra,https://en.wikipedia.org/wiki/England,https://www.wikidata.org/entity/Q21,https://viaf.org/viaf/142995804,https://www.geonames.org/6269131/england.html,place
Irlanda,https://it.wikipedia.org/wiki/Irlanda,https://en.wikipedia.org/wiki/Ireland,https://www.wikidata.org/entity/Q27,https://viaf.org/viaf/158208597,https://www.geonames.org/2963597/ireland.html,place
Isonzo,https://it.wikipedia.org/wiki/Isonzo,https://en.wikipedia.org/wiki/So%C4%8Da,https://www.wikidata.org/entity/Q202760,https://viaf.org/viaf/241841162,https://www.geonames.org/3175409/fiume-isonzo.html,place
Israele,https://it.wikipedia.org/wiki/Israele,https://en.wikipedia.org/wiki/Israel,https://www.wikidata.org/entity/Q801,https://viaf.org/viaf/146498911,https://www.geonames.org/294640/state-of-israel.html,place
Istanbul,https://it.wikipedia.org/wiki/Istanbul,https://en.wikipedia.org/wiki/Istanbul,https://www.wikidata.org/entity/Q406,https://viaf.org/viaf/135931454,https://www.geonames.org/745044/istanbul.html,place
Italia,https://it.wikipedia.org/wiki/Italia,https://en.wikipedia.org/wiki/Italy,https://www.wikidata.org/entity/Q38,https://viaf.org/viaf/152361066,https://www.geonames.org/3175395/italian-republic.html,place
Ivrea,https://it.wikipedia.org/wiki/Ivrea,https://en.wikipedia.org/wiki/Ivrea,https://www.wikidata.org/entity/Q9409,https://viaf.org/viaf/133676505,https://www.geonames.org/3175385/ivrea.html,place
Jacquerie,https://it.wikipedia.org/wiki/Jacquerie,https://en.wikipedia.org/wiki/Jacquerie,https://www.wikidata.org/entity/Q7126013,,,event
Jacques Bonhomme,https://it.wikipedia.org/wiki/Jacques_Bonhomme,https://en.wikipedia.org/wiki/Guillaume_Cale,https://www.wikidata.org/entity/Q596460,https://viaf.org/viaf/294269692,,person
Jean de Joinville,https://it.wikipedia.org/wiki/Jean_de_Joinville,https://en.wikipedia.org/wiki/Jean_de_Joinville,https://www.wikidata.org/entity/Q328747,https://viaf.org/viaf/59191609,,person
Joanneville,https://it.wikipedia.org/wiki/Joinville_(Francia),"https://en.wikipedia.org/wiki/Joinville,_Haute-Marne",https://www.wikidata.org/entity/Q817418,https://viaf.org/viaf/146795004,https://www.geonames.org/6454267/joinville.html,place
John Ball,https://it.wikipedia.org/wiki/John_Ball_(prete),https://en.wikipedia.org/wiki/John_Ball_(priest),https://www.wikidata.org/entity/Q505824,https://viaf.org/viaf/18019526,,person
John Brown,https://it.wikipedia.org/wiki/John_Brown_(attivista),https://en.wikipedia.org/wiki/John_Brown_(abolitionist),https://www.wikidata.org/entity/Q189366,https://viaf.org/viaf/59091476,,person
Jugoslavia,https://it.wikipedia.org/wiki/Jugoslavia,https://en.wikipedia.org/wiki/Yugoslavia,https://www.wikidata.org/entity/Q36704,https://viaf.org/viaf/129724016,https://www.geonames.org/7500737/federal-republic-of-yugoslavia.html,place
Kansas,https://it.wikipedia.org/wiki/Kansas,https://en.wikipedia.org/wiki/Kansas,https://www.wikidata.org/entity/Q1558,https://viaf.org/viaf/152389568,https://www.geonames.org/4273857/kansas.html,place
Kantorowicz,https://it.wikipedia.org/wiki/Ernst_Kantorowicz,https://en.wikipedia.org/wiki/Ernst_Kantorowicz,https://www.wikidata.org/entity/Q77499,https://viaf.org/viaf/34567953,,person
Kappler,https://it.wikipedia.org/wiki/Herbert_Kappler,https://en.wikipedia.org/wiki/Herbert_Kappler,https://www.wikidata.org/entity/Q61861,https://viaf.org/viaf/52484397,,person
Kiev,https://it.wikipedia.org/wiki/Kiev,https://en.wikipedia.org/wiki/Kyiv,https://www.wikidata.org/entity/Q1899,https://viaf.org/viaf/150028026,https://www.geonames.org/703448/kyiv.html,place
La Marmora,https://it.wikipedia.org/wiki/Alfonso_La_Marmora,https://en.wikipedia.org/wiki/Alfonso_La_Marmora,https://www.wikidata.org/entity/Q471272,https://viaf.org/viaf/62351933,,person
Lancaster,https://it.wikipedia.org/wiki/Lancaster_(Regno_Unito),"https://en.wikipedia.org/wiki/Lancaster,_Lancashire",https://www.wikidata.org/entity/Q205905,https://viaf.org/viaf/243037582,https://www.geonames.org/2644972/lancaster.html,place
Las Malvinas,https://it.wikipedia.org/wiki/Isole_Falkland,https://en.wikipedia.org/wiki/Falkland_Islands,https://www.wikidata.org/entity/Q9648,https://viaf.org/viaf/155354899,https://www.geonames.org/3474414/falkland-islands.html,place
Leningrado,https://it.wikipedia.org/wiki/San_Pietroburgo,https://en.wikipedia.org/wiki/Saint_Petersburg,https://www.wikidata.org/entity/Q656,https://viaf.org/viaf/561154381054530291788,https://www.geonames.org/498817/saint-petersburg.html,place
Lepanto,https://it.wikipedia.org/wiki/Lepanto,https://en.wikipedia.org/wiki/Nafpaktos,https://www.wikidata.org/entity/Q782278,https://viaf.org/viaf/8425162906496978110003,https://www.geonames.org/256639/nafpaktos.html,place
Leutardo,https://it.wikipedia.org/wiki/Leutardo_di_Vertus,https://en.wikipedia.org/wiki/Leutard_of_Vertus,https://www.wikidata.org/entity/Q21042902,,,person
Liev,https://it.wikipedia.org/wiki/Lev_Nikolaevi%C4%8D_Gumil%C3%ABv,https://en.wikipedia.org/wiki/Lev_Gumilev,https://www.wikidata.org/entity/Q135481,https://viaf.org/viaf/59131742,,person
Lincoln,https://it.wikipedia.org/wiki/Abraham_Lincoln,https://en.wikipedia.org/wiki/Abraham_Lincoln,https://www.wikidata.org/entity/Q91,https://viaf.org/viaf/76349832,,person
Lione,https://it.wikipedia.org/wiki/Lione,https://en.wikipedia.org/wiki/Lyon,https://www.wikidata.org/entity/Q456,https://viaf.org/viaf/158189703,https://www.geonames.org/2996944/lyon.html,place
Londra,https://it.wikipedia.org/wiki/Londra,https://en.wikipedia.org/wiki/London,https://www.wikidata.org/entity/Q84,https://viaf.org/viaf/261467287,https://www.geonames.org/2643743/london.html,place
Lord Strafford,"https://it.wikipedia.org/wiki/Thomas_Wentworth,_I_conte_di_Strafford","https://en.wikipedia.org/wiki/Thomas_Wentworth,_1st_Earl_of_Strafford",https://www.wikidata.org/entity/Q336091,https://viaf.org/viaf/72190523,,person
Luigi IX,https://it.wikipedia.org/wiki/Luigi_IX_di_Francia,https://en.wikipedia.org/wiki/Louis_IX_of_France,https://www.wikidata.org/entity/Q346,https://viaf.org/viaf/89182909,,person
Luigi XVIII,https://it.wikipedia.org/wiki/Luigi_XVIII_di_Francia,https://en.wikipedia.org/wiki/Louis_XVIII,https://www.wikidata.org/entity/Q7750,https://viaf.org/viaf/84035484,,person
Magonza,https://it.wikipedia.org/wiki/Magonza,https://en.wikipedia.org/wiki/Mainz,https://www.wikidata.org/entity/Q1720,https://viaf.org/viaf/123738720,https://www.geonames.org/2874225/mainz.html,place
Mandeville,https://it.wikipedia.org/wiki/John_Mandeville,https://en.wikipedia.org/wiki/John_Mandeville,https://www.wikidata.org/entity/Q3257249,https://viaf.org/viaf/182210274,,
Maometto,https://it.wikipedia.org/wiki/Maometto,https://en.wikipedia.org/wiki/Muhammad,https://www.wikidata.org/entity/Q9458,https://viaf.org/viaf/97245226,,person
Marco Polo,https://it.wikipedia.org/wiki/Marco_Polo,https://en.wikipedia.org/wiki/Marco_Polo,https://www.wikidata.org/entity/Q6101,https://viaf.org/viaf/173430120,,person
Maria,https://it.wikipedia.org/wiki/Maria_(madre_di_Ges%C3%B9),"https://en.wikipedia.org/wiki/Mary,_mother_of_Jesus",https://www.wikidata.org/entity/Q345,https://viaf.org/viaf/86913753,,person
Mario Fiorentini,https://it.wikipedia.org/wiki/Mario_Fiorentini,https://en.wikipedia.org/wiki/Mario_Fiorentini,https://www.wikidata.org/entity/Q3848579,https://viaf.org/viaf/79471199,,person
Matteo d'Acquasparta,https://it.wikipedia.org/wiki/Matteo_d%27Acquasparta,https://en.wikipedia.org/wiki/Matthew_of_Acquasparta,https://www.wikidata.org/entity/Q1346310,https://viaf.org/viaf/89499857,,person
Matteotti,https://it.wikipedia.org/wiki/Giacomo_Matteotti,https://en.wikipedia.org/wiki/Giacomo_Matteotti,https://www.wikidata.org/entity/Q267304,https://viaf.org/viaf/9862153,,person
Max Clausen,https://it.wikipedia.org/wiki/Max_Klausen,https://en.wikipedia.org/wiki/Max_Christiansen-Clausen,https://www.wikidata.org/entity/Q124006,https://viaf.org/viaf/50140352,,person
Mazzini,https://it.wikipedia.org/wiki/Giuseppe_Mazzini,https://en.wikipedia.org/wiki/Giuseppe_Mazzini,https://www.wikidata.org/entity/Q187336,https://viaf.org/viaf/2498020,,person
Mediterraneo,https://it.wikipedia.org/wiki/Mar_Mediterraneo,https://en.wikipedia.org/wiki/Mediterranean_Sea,https://www.wikidata.org/entity/Q4918,https://viaf.org/viaf/239897976,https://www.geonames.org/363196/mediterranean-sea.html,place
Messer Lapo,https://it.wikipedia.org/wiki/Lapo_da_Castiglionchio,https://en.wikipedia.org/wiki/Lapo_da_Castiglionchio_the_Elder,https://www.wikidata.org/entity/Q1237303,https://viaf.org/viaf/97724025,,person
Messina,https://it.wikipedia.org/wiki/Messina,https://en.wikipedia.org/wiki/Messina,https://www.wikidata.org/entity/Q13666,https://viaf.org/viaf/146699997,https://www.geonames.org/6541859/messina.html,place
Michele di Lando,https://it.wikipedia.org/wiki/Michele_di_Lando,https://en.wikipedia.org/wiki/Michele_di_Lando,https://www.wikidata.org/entity/Q786761,https://viaf.org/viaf/160127802,,person
Milano,https://it.wikipedia.org/wiki/Milano,https://en.wikipedia.org/wiki/Milan,https://www.wikidata.org/entity/Q490,https://viaf.org/viaf/157818740,https://www.geonames.org/6542283/milano.html,place
Mincio,https://it.wikipedia.org/wiki/Mincio,https://en.wikipedia.org/wiki/Mincio,https://www.wikidata.org/entity/Q936688,https://viaf.org/viaf/240515550,https://www.geonames.org/3173409/fiume-mincio.html,place
Montmartre,https://it.wikipedia.org/wiki/Montmartre,https://en.wikipedia.org/wiki/Montmartre,https://www.wikidata.org/entity/Q186115,https://viaf.org/viaf/146617129,https://www.geonames.org/3029374/paris-18-buttes-montmartre.html,place
Moretti,https://it.wikipedia.org/wiki/Mario_Moretti,https://en.wikipedia.org/wiki/Mario_Moretti,https://www.wikidata.org/entity/Q1758581,https://viaf.org/viaf/107594009,,person
Moro,https://it.wikipedia.org/wiki/Aldo_Moro,https://en.wikipedia.org/wiki/Aldo_Moro,https://www.wikidata.org/entity/Q171834,https://viaf.org/viaf/73876435,,person
Morucci,https://it.wikipedia.org/wiki/Valerio_Morucci,https://en.wikipedia.org/wiki/Valerio_Morucci,https://www.wikidata.org/entity/Q4007903,https://viaf.org/viaf/37220889,,person
Mosca,https://it.wikipedia.org/wiki/Mosca_(Russia),https://en.wikipedia.org/wiki/Moscow,https://www.wikidata.org/entity/Q649,https://viaf.org/viaf/142519565,https://www.geonames.org/524901/moscow.html,place
Mussolini,https://it.wikipedia.org/wiki/Benito_Mussolini,https://en.wikipedia.org/wiki/Benito_Mussolini,https://www.wikidata.org/entity/Q23559,https://viaf.org/viaf/90162262,,person
Napoleone,https://it.wikipedia.org/wiki/Napoleone_Bonaparte,https://en.wikipedia.org/wiki/Napoleon,https://www.wikidata.org/entity/Q517,https://viaf.org/viaf/106964661,,person
Napoleone III,https://it.wikipedia.org/wiki/Napoleone_III_di_Francia,https://en.wikipedia.org/wiki/Napoleon_III,https://www.wikidata.org/entity/Q7721,https://viaf.org/viaf/88934487,,person
Napoli,https://it.wikipedia.org/wiki/Napoli,https://en.wikipedia.org/wiki/Naples,https://www.wikidata.org/entity/Q2634,https://viaf.org/viaf/137842517,https://www.geonames.org/3172395/napoli.html,place
Niceta,https://it.wikipedia.org/wiki/Niceta_Coniata,https://en.wikipedia.org/wiki/Niketas_Choniates,https://www.wikidata.org/entity/Q297340,https://viaf.org/viaf/173145785,,person
Norfolk,https://it.wikipedia.org/wiki/Norfolk,https://en.wikipedia.org/wiki/Norfolk,https://www.wikidata.org/entity/Q23109,https://viaf.org/viaf/151229994,https://www.geonames.org/2641455/norfolk.html,place
Olanda,https://it.wikipedia.org/wiki/Paesi_Bassi,https://en.wikipedia.org/wiki/Netherlands,https://www.wikidata.org/entity/Q55,https://viaf.org/viaf/156652814,https://www.geonames.org/2750405/kingdom-of-the-netherlands.html,place
Orlando,https://it.wikipedia.org/wiki/Orlando_(paladino),https://en.wikipedia.org/wiki/Roland,https://www.wikidata.org/entity/Q207535,https://viaf.org/viaf/5722596,,person
Orleans,https://it.wikipedia.org/wiki/Orl%C3%A9ans,https://en.wikipedia.org/wiki/Orl%C3%A9ans,https://www.wikidata.org/entity/Q6548,https://viaf.org/viaf/139548210,https://www.geonames.org/2989317/orleans.html,place
Oxford,https://it.wikipedia.org/wiki/Oxford,https://en.wikipedia.org/wiki/Oxford,https://www.wikidata.org/entity/Q34217,https://viaf.org/viaf/145353627,https://www.geonames.org/2640729/oxford.html,place
Ozaki,https://it.wikipedia.org/wiki/Hotsumi_Ozaki,https://en.wikipedia.org/wiki/Hotsumi_Ozaki,https://www.wikidata.org/entity/Q1206227,https://viaf.org/viaf/30338507,,person
Palazzo Vecchio,https://it.wikipedia.org/wiki/Palazzo_Vecchio,https://en.wikipedia.org/wiki/Palazzo_Vecchio,https://www.wikidata.org/entity/Q271928,https://viaf.org/viaf/125014958,https://www.geonames.org/6697948/palazzo-vecchio.html,place
Parigi,https://it.wikipedia.org/wiki/Parigi,https://en.wikipedia.org/wiki/Paris,https://www.wikidata.org/entity/Q90,https://viaf.org/viaf/158822968,https://www.geonames.org/2968815/paris.html,place
Parma,https://it.wikipedia.org/wiki/Parma,https://en.wikipedia.org/wiki/Parma,https://www.wikidata.org/entity/Q2683,https://viaf.org/viaf/143792095,https://www.geonames.org/6540120/parma.html,place
Patrasso,https://it.wikipedia.org/wiki/Patrasso,https://en.wikipedia.org/wiki/Patras,https://www.wikidata.org/entity/Q133123,https://viaf.org/viaf/129029351,https://www.geonames.org/255683/patra.html,place
Philippe de Nemure,https://it.wikipedia.org/wiki/Filippo_di_Savoia-Nemours,"https://en.wikipedia.org/wiki/Philip,_Duke_of_Nemours",https://www.wikidata.org/entity/Q2005044,,,person
Piave,https://it.wikipedia.org/wiki/Piave,https://en.wikipedia.org/wiki/Piave_(river),https://www.wikidata.org/entity/Q530569,https://viaf.org/viaf/240543797,https://www.geonames.org/3183044/fiume-piave.html,place
Piemonte,https://it.wikipedia.org/wiki/Piemonte,https://en.wikipedia.org/wiki/Piedmont,https://www.wikidata.org/entity/Q1216,https://viaf.org/viaf/132508744,https://www.geonames.org/3170831/piemonte.html,place
Pietroburgo,https://it.wikipedia.org/wiki/San_Pietroburgo,https://en.wikipedia.org/wiki/Saint_Petersburg,https://www.wikidata.org/entity/Q656,https://viaf.org/viaf/139487820,https://www.geonames.org/498817/saint-petersburg.html,place
Pisa,https://it.wikipedia.org/wiki/Pisa,https://en.wikipedia.org/wiki/Pisa,https://www.wikidata.org/entity/Q13375,https://viaf.org/viaf/204007255,https://www.geonames.org/6542122/pisa.html,place
Po,https://it.wikipedia.org/wiki/Po,https://en.wikipedia.org/wiki/Po_(river),https://www.wikidata.org/entity/Q643,https://viaf.org/viaf/6148703924236930913,https://www.geonames.org/3170550/po-river.html,place
Polonia,https://it.wikipedia.org/wiki/Polonia,https://en.wikipedia.org/wiki/Poland,https://www.wikidata.org/entity/Q36,https://viaf.org/viaf/141810140,https://www.geonames.org/798544/republic-of-poland.html,place
Princeton,https://it.wikipedia.org/wiki/Princeton,https://en.wikipedia.org/wiki/Princeton,https://www.wikidata.org/entity/Q21578,https://viaf.org/viaf/141200041,https://www.geonames.org/5102955/princeton-university.html,place
Prussia,https://it.wikipedia.org/wiki/Prussia,https://en.wikipedia.org/wiki/Prussia,https://www.wikidata.org/entity/Q38872,https://viaf.org/viaf/137143200,https://www.geonames.org/3082436/west-prussia.html,place
Radetzky,https://it.wikipedia.org/wiki/Josef_Radetzky,https://en.wikipedia.org/wiki/Joseph_Radetzky_von_Radetz,https://www.wikidata.org/entity/Q153500,https://viaf.org/viaf/5723425,,person
Raimondo da Capua,https://it.wikipedia.org/wiki/Raimondo_da_Capua,https://en.wikipedia.org/wiki/Raymond_of_Capua,https://www.wikidata.org/entity/Q2460163,https://viaf.org/viaf/59251025,,person
Rattazzi,https://it.wikipedia.org/wiki/Urbano_Rattazzi,https://en.wikipedia.org/wiki/Urbano_Rattazzi,https://www.wikidata.org/entity/Q449387,https://viaf.org/viaf/5045510,,person
Reagan,https://it.wikipedia.org/wiki/Ronald_Reagan,https://en.wikipedia.org/wiki/Ronald_Reagan,https://www.wikidata.org/entity/Q9960,https://viaf.org/viaf/76321889,,person
Reims,https://it.wikipedia.org/wiki/Reims,https://en.wikipedia.org/wiki/Reims,https://www.wikidata.org/entity/Q41876,https://viaf.org/viaf/126609525,https://www.geonames.org/2984114/reims.html,place
Ribbentrop,https://it.wikipedia.org/wiki/Joachim_von_Ribbentrop,https://en.wikipedia.org/wiki/Joachim_von_Ribbentrop,https://www.wikidata.org/entity/Q101886,https://viaf.org/viaf/74645641,,person
Riccardo Cuor di Leone,https://it.wikipedia.org/wiki/Riccardo_I_d%27Inghilterra,https://en.wikipedia.org/wiki/Richard_I_of_England,https://www.wikidata.org/entity/Q42305,https://viaf.org/viaf/64016139,,person
Robert de Clary,https://it.wikipedia.org/wiki/Roberto_de_Clari,https://en.wikipedia.org/wiki/Robert_de_Clari,https://www.wikidata.org/entity/Q944668,https://viaf.org/viaf/78769905,,person
Roma,https://it.wikipedia.org/wiki/Roma,https://en.wikipedia.org/wiki/Rome,https://www.wikidata.org/entity/Q220,https://viaf.org/viaf/251380480,https://www.geonames.org/3169070/rome.html,place
Rosario Bentivegna,https://it.wikipedia.org/wiki/Rosario_Bentivegna,https://en.wikipedia.org/wiki/Rosario_Bentivegna,https://www.wikidata.org/entity/Q49761,https://viaf.org/viaf/49282901,,person
Rosina,https://it.wikipedia.org/wiki/Rosa_Vercellana,https://en.wikipedia.org/wiki/Rosa_Vercellana,https://www.wikidata.org/entity/Q276000,https://viaf.org/viaf/72961141,,person
Rouen,https://it.wikipedia.org/wiki/Rouen,https://en.wikipedia.org/wiki/Rouen,https://www.wikidata.org/entity/Q30974,https://viaf.org/viaf/146509692,https://www.geonames.org/2982652/rouen.html,place
Russia,https://it.wikipedia.org/wiki/Russia,https://en.wikipedia.org/wiki/Russia,https://www.wikidata.org/entity/Q159,https://viaf.org/viaf/140306806,https://www.geonames.org/2017370/russian-federation.html,place
Saladino,https://it.wikipedia.org/wiki/Saladino,https://en.wikipedia.org/wiki/Saladin,https://www.wikidata.org/entity/Q8581,https://viaf.org/viaf/90040943,,person
Salamanca,https://it.wikipedia.org/wiki/Salamanca,https://en.wikipedia.org/wiki/Salamanca,https://www.wikidata.org/entity/Q15695,https://viaf.org/viaf/157093141,https://www.geonames.org/6360513/salamanca.html,place
Salandra,https://it.wikipedia.org/wiki/Antonio_Salandra,https://en.wikipedia.org/wiki/Antonio_Salandra,https://www.wikidata.org/entity/Q354715,https://viaf.org/viaf/32017768,,person
Salimbene,https://it.wikipedia.org/wiki/Salimbene_de_Adam,https://en.wikipedia.org/wiki/Salimbene_di_Adam,https://www.wikidata.org/entity/Q799960,https://viaf.org/viaf/89136582,,person
Salvemini,https://it.wikipedia.org/wiki/Gaetano_Salvemini,https://en.wikipedia.org/wiki/Gaetano_Salvemini,https://www.wikidata.org/entity/Q730889,https://viaf.org/viaf/56624944,,person
Salvestro De Medici,https://it.wikipedia.org/wiki/Salvestro_de%27_Medici,https://en.wikipedia.org/wiki/Salvestro_de%27_Medici,https://www.wikidata.org/entity/Q1564584,https://viaf.org/viaf/78711082,,person
Samuele,https://it.wikipedia.org/wiki/Samuele_(profeta),https://en.wikipedia.org/wiki/Samuel,https://www.wikidata.org/entity/Q6577515,https://viaf.org/viaf/23387518,,person
San Bernardo,https://it.wikipedia.org/wiki/Bernardo_di_Chiaravalle,https://en.wikipedia.org/wiki/Bernard_of_Clairvaux,https://www.wikidata.org/entity/Q188411,https://viaf.org/viaf/59875293,,person
San Giovanni,https://it.wikipedia.org/wiki/Giovanni_Battista,https://en.wikipedia.org/wiki/John_the_Baptist,https://www.wikidata.org/entity/Q40662,https://viaf.org/viaf/27863229,,person
Sant'Agostino,https://it.wikipedia.org/wiki/Agostino_d%27Ippona,https://en.wikipedia.org/wiki/Augustine_of_Hippo,https://www.wikidata.org/entity/Q8018,https://viaf.org/viaf/66806872,,person
Santa Chiara,https://it.wikipedia.org/wiki/Chiara_d%27Assisi,https://en.wikipedia.org/wiki/Clare_of_Assisi,https://www.wikidata.org/entity/Q191107,https://viaf.org/viaf/8754769,,person
Sarajevo,https://it.wikipedia.org/wiki/Sarajevo,https://en.wikipedia.org/wiki/Sarajevo,https://www.wikidata.org/entity/Q11194,https://viaf.org/viaf/159404628,https://www.geonames.org/3191281/sarajevo.html,place
Satana,https://it.wikipedia.org/wiki/Satana,https://en.wikipedia.org/wiki/Satan,https://www.wikidata.org/entity/Q35230,https://viaf.org/viaf/1087163706538729420822,,
Scozia,https://it.wikipedia.org/wiki/Scozia,https://en.wikipedia.org/wiki/Scotland,https://www.wikidata.org/entity/Q22,https://viaf.org/viaf/89146152993705250698,https://www.geonames.org/2638360/scotland.html,place
Serbia,https://it.wikipedia.org/wiki/Serbia,https://en.wikipedia.org/wiki/Serbia,https://www.wikidata.org/entity/Q403,https://viaf.org/viaf/151202876,https://www.geonames.org/6290252/serbia.html,place
Sicilia,https://it.wikipedia.org/wiki/Sicilia,https://en.wikipedia.org/wiki/Sicily,https://www.wikidata.org/entity/Q1460,https://viaf.org/viaf/149921888,https://www.geonames.org/2523119/sicilia.html,place
Siena,https://it.wikipedia.org/wiki/Siena,https://en.wikipedia.org/wiki/Siena,https://www.wikidata.org/entity/Q2751,https://viaf.org/viaf/239842096,https://www.geonames.org/6541466/siena.html,place
Simoncino,https://it.wikipedia.org/wiki/Simonino_di_Trento,https://en.wikipedia.org/wiki/Simon_of_Trent,https://www.wikidata.org/entity/Q544321,https://viaf.org/viaf/18871225,,person
Sonnino,https://it.wikipedia.org/wiki/Sidney_Sonnino,https://en.wikipedia.org/wiki/Sidney_Sonnino,https://www.wikidata.org/entity/Q320922,https://viaf.org/viaf/7411466,,person
Sorge,https://it.wikipedia.org/wiki/Richard_Sorge,https://en.wikipedia.org/wiki/Richard_Sorge,https://www.wikidata.org/entity/Q44580,https://viaf.org/viaf/51715274,,person
South Carolina,https://it.wikipedia.org/wiki/Carolina_del_Sud,https://en.wikipedia.org/wiki/South_Carolina,https://www.wikidata.org/entity/Q1456,https://viaf.org/viaf/126093597,https://www.geonames.org/4597040/south-carolina.html,place
Spagna,https://it.wikipedia.org/wiki/Spagna,https://en.wikipedia.org/wiki/Spain,https://www.wikidata.org/entity/Q29,https://viaf.org/viaf/133609710,https://www.geonames.org/2510769/kingdom-of-spain.html,place
Stalin,https://it.wikipedia.org/wiki/Iosif_Stalin,https://en.wikipedia.org/wiki/Joseph_Stalin,https://www.wikidata.org/entity/Q855,https://viaf.org/viaf/101787139,,person
Stati Uniti,https://it.wikipedia.org/wiki/Stati_Uniti_d%27America,https://en.wikipedia.org/wiki/United_States,https://www.wikidata.org/entity/Q30,https://viaf.org/viaf/130168302,https://www.geonames.org/6252001/united-states.html,place
Strasburgo,https://it.wikipedia.org/wiki/Strasburgo,https://en.wikipedia.org/wiki/Strasbourg,https://www.wikidata.org/entity/Q6602,https://viaf.org/viaf/150696197,https://www.geonames.org/2973783/strasbourg.html,place
Tagliamento,https://it.wikipedia.org/wiki/Tagliamento,https://en.wikipedia.org/wiki/Tagliamento,https://www.wikidata.org/entity/Q747929,https://viaf.org/viaf/242138926,https://www.geonames.org/3165990/fiume-tagliamento.html,place
Tamigi,https://it.wikipedia.org/wiki/Tamigi,https://en.wikipedia.org/wiki/River_Thames,https://www.wikidata.org/entity/Q19686,https://viaf.org/viaf/237292804,https://www.geonames.org/2636063/river-thames.html,place
Thatcer,https://it.wikipedia.org/wiki/Margaret_Thatcher,https://en.wikipedia.org/wiki/Margaret_Thatcher,https://www.wikidata.org/entity/Q7416,https://viaf.org/viaf/102379347,,person
Ticino,https://it.wikipedia.org/wiki/Ticino_(fiume),https://en.wikipedia.org/wiki/Ticino_(river),https://www.wikidata.org/entity/Q14366,https://viaf.org/viaf/86144647641199173339,https://www.geonames.org/2658369/fiume-ticino.html,place
Tokyo,https://it.wikipedia.org/wiki/Tokyo,https://en.wikipedia.org/wiki/Tokyo,https://www.wikidata.org/entity/Q1490,https://viaf.org/viaf/140713831,https://www.geonames.org/1850144/tokyo-prefecture.html,place
Tolomeo,https://it.wikipedia.org/wiki/Claudio_Tolomeo,https://en.wikipedia.org/wiki/Ptolemy,https://www.wikidata.org/entity/Q34943,https://viaf.org/viaf/54152998,,person
Tolstoj,https://it.wikipedia.org/wiki/Lev_Tolstoj,https://en.wikipedia.org/wiki/Leo_Tolstoy,https://www.wikidata.org/entity/Q7243,https://viaf.org/viaf/96987389,,person
Torino,https://it.wikipedia.org/wiki/Torino,https://en.wikipedia.org/wiki/Turin,https://www.wikidata.org/entity/Q495,https://viaf.org/viaf/35144782953960297898,https://www.geonames.org/3165525/torino.html,place
Toscana,https://it.wikipedia.org/wiki/Toscana,https://en.wikipedia.org/wiki/Tuscany,https://www.wikidata.org/entity/Q1273,https://viaf.org/viaf/128956370,https://www.geonames.org/3165361/toscana.html,place
Trentino,https://it.wikipedia.org/wiki/Trentino,https://en.wikipedia.org/wiki/Trentino,https://www.wikidata.org/entity/Q16289,https://viaf.org/viaf/142524838,https://www.geonames.org/3165241/provincia-autonoma-di-trento.html,place
Trento,https://it.wikipedia.org/wiki/Trento,https://en.wikipedia.org/wiki/Trento,https://www.wikidata.org/entity/Q3376,https://viaf.org/viaf/9361156133222058430009,https://www.geonames.org/6541469/trento.html,place
Trieste,https://it.wikipedia.org/wiki/Trieste,https://en.wikipedia.org/wiki/Trieste,https://www.wikidata.org/entity/Q546,https://viaf.org/viaf/143701962,https://www.geonames.org/3165186/trieste.html,place
Turati,https://it.wikipedia.org/wiki/Filippo_Turati,https://en.wikipedia.org/wiki/Filippo_Turati,https://www.wikidata.org/entity/Q733392,https://viaf.org/viaf/71517185,,person
Unione Sovietica,https://it.wikipedia.org/wiki/Unione_Sovietica,https://en.wikipedia.org/wiki/Soviet_Union,https://www.wikidata.org/entity/Q15180,https://viaf.org/viaf/134262032,https://www.geonames.org/8354411/union-of-soviet-socialist-republics.html,place
Urbano II,https://it.wikipedia.org/wiki/Papa_Urbano_II,https://en.wikipedia.org/wiki/Pope_Urban_II,https://www.wikidata.org/entity/Q30578,https://viaf.org/viaf/152552697,,person
Uruguay,https://it.wikipedia.org/wiki/Uruguay,https://en.wikipedia.org/wiki/Uruguay,https://www.wikidata.org/entity/Q77,https://viaf.org/viaf/129569873,https://www.geonames.org/3439705/oriental-republic-of-uruguay.html,place
Usama,https://it.wikipedia.org/wiki/Usama_ibn_Munqidh,https://en.wikipedia.org/wiki/Usama_ibn_Munqidh,https://www.wikidata.org/entity/Q451427,https://viaf.org/viaf/49232442,,person
Valdarno,https://it.wikipedia.org/wiki/Valdarno,https://en.wikipedia.org/wiki/Valdarno,https://www.wikidata.org/entity/Q538820,https://viaf.org/viaf/235065009,https://www.geonames.org/3164948/valdarno.html,place
Veneto,https://it.wikipedia.org/wiki/Veneto,https://en.wikipedia.org/wiki/Veneto,https://www.wikidata.org/entity/Q1243,https://viaf.org/viaf/155404177,https://www.geonames.org/3164604/veneto.html,place
Venezia,https://it.wikipedia.org/wiki/Venezia,https://en.wikipedia.org/wiki/Venice,https://www.wikidata.org/entity/Q641,https://viaf.org/viaf/8456155769103127880005,https://www.geonames.org/6542284/venezia.html,place
Vercelli,https://it.wikipedia.org/wiki/Vercelli,https://en.wikipedia.org/wiki/Vercelli,https://www.wikidata.org/entity/Q5990,https://viaf.org/viaf/123150932,https://www.geonames.org/6540116/vercelli.html,place
Versailles,https://it.wikipedia.org/wiki/Reggia_di_Versailles,https://en.wikipedia.org/wiki/Palace_of_Versailles,https://www.wikidata.org/entity/Q2946,https://viaf.org/viaf/127977992,https://www.geonames.org/6284980/chateau-de-versailles.html,place
Via Rasella,https://it.wikipedia.org/wiki/Attentato_di_via_Rasella,https://en.wikipedia.org/wiki/Via_Rasella_attack,https://www.wikidata.org/entity/Q733211,,,event
Virginia,https://it.wikipedia.org/wiki/Virginia,https://en.wikipedia.org/wiki/Virginia,https://www.wikidata.org/entity/Q1370,https://viaf.org/viaf/128935789,https://www.geonames.org/6254928/virginia.html,place
Vittorio Emanuele II,https://it.wikipedia.org/wiki/Vittorio_Emanuele_II_di_Savoia,https://en.wikipedia.org/wiki/Victor_Emmanuel_II_of_Italy,https://www.wikidata.org/entity/Q168691,https://viaf.org/viaf/95301792,,person
Vittorio Veneto,https://it.wikipedia.org/wiki/Vittorio_Veneto,https://en.wikipedia.org/wiki/Vittorio_Veneto,https://www.wikidata.org/entity/Q47578,https://viaf.org/viaf/151912398,https://www.geonames.org/6538312/vittorio-veneto.html,place
Von Moltke,https://it.wikipedia.org/wiki/Helmuth_Karl_Bernhard_von_Moltke,https://en.wikipedia.org/wiki/Helmuth_von_Moltke_the_Elder,https://www.wikidata.org/entity/Q44205,https://viaf.org/viaf/98817698,,person
Washington,https://it.wikipedia.org/wiki/Washington_D.C.,"https://en.wikipedia.org/wiki/Washington,_D.C.",https://www.wikidata.org/entity/Q61,https://viaf.org/viaf/312739635,https://www.geonames.org/4140963/washington.html,place
Waterloo,https://it.wikipedia.org/wiki/Waterloo,"https://en.wikipedia.org/wiki/Waterloo,_Belgium",https://www.wikidata.org/entity/Q179034,https://viaf.org/viaf/162695587,https://www.geonames.org/2783986/waterloo.html,place
Watt Tyler,https://it.wikipedia.org/wiki/Wat_Tyler,https://en.wikipedia.org/wiki/Wat_Tyler,https://www.wikidata.org/entity/Q311820,https://viaf.org/viaf/100158866,,person
Wellington,"https://it.wikipedia.org/wiki/Arthur_Wellesley,_I_duca_di_Wellington","https://en.wikipedia.org/wiki/Arthur_Wellesley,_1st_Duke_of_Wellington",https://www.wikidata.org/entity/Q131691,https://viaf.org/viaf/2465308,,person
Wilson,https://it.wikipedia.org/wiki/Woodrow_Wilson,https://en.wikipedia.org/wiki/Woodrow_Wilson,https://www.wikidata.org/entity/Q34296,https://viaf.org/viaf/89457467,,person
